ID,Name,ID Destination,Star-rating,Address,Date of signing contract,Date of ending contract
1,Alexandertown Motel,298,1, Calle de Amparo Casares, 2019-09-06, 2020-05-14
2,New Christina Hotel,93,1, Klímova, 2019-12-07, 2020-11-13
3,Wrightfurt Motel,35,5, Prístav, 2019-12-10, 2020-12-18
4,Lake Bryanburgh Motel,136,2, Pri kríži, 2019-10-09, 2020-10-31
5,Ortegaside Hotel,170,2, C. de Enrique Arjona, 2019-12-06, 2020-07-10
6,East Anthonyborough Hotel,271,2, Palackého, 2019-11-28, 2020-05-23
7,New Billy Hotel,153,2, chemin de Besnard, 2020-01-27, 2020-09-20
8,New Taylor Hotel,241,5, Tupolevova, 2019-11-25, 2020-11-25
9,Phillipsland Hotel,223,1, Calle de Sofia Flores, 2020-02-06, 2020-08-15
10,Michaelchester Motel,80,5, Rambla de Alvaro Salgado, 2020-01-18, 2020-09-10
11,Griffinton Apartment,24,3, Súkennícka, 2019-10-13, 2020-11-20
12,Mcguireside Motel,156,4, Brezová, 2019-10-20, 2020-06-05
13,Stefanieton Hotel,235,5, Cuesta Celia Camps, 2020-01-15, 2020-10-18
14,New Kevinfort Apartment,255,5, Pécsi utca, 2019-10-03, 2020-07-03
15,Jonesborough Hotel,345,1, Stretto Branciforte, 2019-10-13, 2020-05-23
16,Lake Jamie Motel,195,3, Morse Land, 2020-01-12, 2020-12-18
17,Robersonton Hotel,210,4, Tichá, 2019-10-24, 2020-11-28
18,West Jasonchester Apartment,26,3, Szewska, 2019-11-25, 2020-08-06
19,Martinburgh Hotel,202,3, Kulhavého, 2020-01-11, 2020-11-10
20,New Ericstad Apartment,177,2, Yvette-Mende-Weg, 2019-12-02, 2020-05-18
21,Swansonfurt Hotel,187,4, rue Neveu, 2019-12-24, 2020-09-13
22,Molinashire Hotel,351,5, Canale Giustino, 2019-10-08, 2020-11-21
23,Ramirezmouth Apartment,173,5, Glorieta Ricardo Quevedo, 2019-12-24, 2020-12-20
24,Madisonberg Hotel,14,4, Petříkova, 2019-09-09, 2020-07-28
25,Vickiport Apartment,263,1, Brixiho, 2019-10-30, 2020-08-17
26,Reginaberg Apartment,334,1, rue de Besnard, 2019-10-02, 2020-11-09
27,Port Stephanie Hotel,272,5, Strada Vattimo, 2019-10-18, 2020-07-10
28,Websterchester Apartment,167,2, Hoffman Mountains, 2019-12-26, 2020-10-28
29,North Miguelfort Apartment,22,5, Mártonhidai utca, 2019-12-11, 2020-10-02
30,Tiffanytown Motel,150,4, Avenida de Silvia Ochoa, 2020-01-13, 2020-05-19
31,Kellybury Hotel,327,1, Hůlkova, 2019-10-09, 2020-12-29
32,Jessicaport Hotel,130,1, Acceso de Ismael Polo, 2019-10-27, 2020-10-09
33,West Justin Motel,298,3, Béke út, 2019-12-13, 2020-12-15
34,Amandaborough Apartment,139,2, Eileen trail, 2019-12-15, 2020-10-13
35,South Marychester Apartment,379,5, Doubravická, 2019-11-19, 2020-11-29
36,New Timothy Apartment,227,3, Viale Manunta, 2019-11-17, 2020-12-19
37,Lake Tonymouth Hotel,394,3, avenue Charles, 2019-10-28, 2020-11-26
38,South Jacob Apartment,345,4, Contrada Salvatore, 2019-12-14, 2020-11-03
39,East Cathyborough Apartment,355,2, Eric Prairie, 2019-12-26, 2020-06-15
40,Lake Jorgeborough Hotel,303,4, Poole drive, 2019-11-16, 2020-05-11
41,New Justin Motel,162,5, Mary Throughway, 2019-12-28, 2020-10-30
42,Roberthaven Apartment,222,4, Autumn Harbor, 2019-10-26, 2020-07-08
43,Mckeeland Hotel,279,3, Clark Valley, 2019-09-05, 2020-12-07
44,North Nicole Hotel,125,4, Rotonda Ruberto, 2019-10-17, 2020-09-02
45,Murphyfort Apartment,337,1, Lorraine squares, 2019-12-07, 2020-07-17
46,West Gregoryland Hotel,250,5, Słonecznikowa, 2019-12-26, 2020-06-28
47,Port Stacy Motel,241,3, Vokrojova, 2019-10-03, 2020-06-02
48,Hallberg Hotel,79,5, Tiffany Way, 2019-10-10, 2020-12-11
49,Samanthaborough Motel,211,1, Lawendowa, 2019-11-07, 2020-07-21
50,Megantown Motel,225,2, Piazza Giunti, 2019-11-21, 2020-09-13
51,Wongport Motel,395,5, Elliott Grove, 2019-12-24, 2020-05-14
52,New Davidshire Apartment,388,2, Via Cesar Barranco, 2019-11-20, 2020-07-16
53,Lynchside Motel,87,2, Kunhídi utca, 2019-12-07, 2020-05-19
54,North Joshua Apartment,23,4, rue de Pruvost, 2019-10-06, 2020-08-05
55,Burnston Hotel,228,4, Malinowa, 2019-10-02, 2020-10-17
56,Larryhaven Motel,335,3, Larson Unions, 2020-01-15, 2020-05-20
57,Cristinastad Motel,217,2, Borgo Giuliano, 2019-09-19, 2020-06-08
58,Grossmouth Apartment,270,5, Stretto Silvia, 2019-12-11, 2020-07-17
59,South Zachary Apartment,265,5, April Keys, 2019-11-01, 2020-11-23
60,Lake Charlesfurt Motel,314,4, Rzeczna, 2020-01-28, 2020-06-06
61,New Kimberlyhaven Apartment,303,5, Kossuth utca, 2019-12-17, 2020-07-16
62,Williamsport Motel,296,4, Kapucínska, 2019-12-30, 2020-05-20
63,Dawnhaven Apartment,108,1, Keresztnémetii utca, 2019-09-14, 2020-06-09
64,West Cherylstad Apartment,220,5, Jäntschgasse, 2019-09-16, 2020-09-20
65,Michaelborough Hotel,66,2, Helena-Dippel-Gasse, 2019-12-20, 2020-07-08
66,West Christinastad Apartment,384,4, Spießring, 2019-11-01, 2020-07-21
67,Claudiamouth Motel,87,4, Rešetkova, 2020-01-06, 2020-07-01
68,New Jennifer Apartment,291,3, rue Vallet, 2020-01-14, 2020-08-17
69,Johnville Apartment,297,4, chemin Labbe, 2019-11-07, 2021-01-10
70,Padillatown Hotel,314,3, Cuesta Trinidad Ojeda, 2020-01-10, 2020-08-25
71,Port Rebekah Apartment,228,5, Anne plains, 2019-10-20, 2020-07-22
72,Faulknerton Apartment,186,4, Magret-Junitz-Platz, 2020-01-17, 2020-12-29
73,South Jameschester Motel,31,4, Willis Point, 2020-01-30, 2020-06-28
74,West Nathanside Motel,114,3, Fredry, 2019-10-31, 2020-06-25
75,Lisachester Apartment,90,4, K Dálnici, 2020-01-26, 2020-08-23
76,East Stanley Apartment,340,1, Borská, 2019-10-29, 2020-07-29
77,West Christine Hotel,78,3, Grzybowa, 2019-10-27, 2020-07-17
78,Ryanview Motel,294,5, Boršov, 2019-11-15, 2020-06-14
79,Moorestad Hotel,49,2, Rajska, 2019-09-25, 2020-11-06
80,North Anna Hotel,105,2, Jan-Tschentscher-Ring, 2020-02-03, 2020-08-30
81,Shaneton Hotel,355,3, Morales Isle, 2020-01-08, 2020-11-28
82,West Sonia Motel,85,2, Stephen station, 2020-01-30, 2020-11-23
83,West Kathleen Apartment,388,3, Cañada de Fernando Duarte, 2019-11-16, 2020-08-20
84,North Adam Motel,320,2, Rotonda Mercadante, 2019-09-13, 2020-12-20
85,West Jenniferport Apartment,0,1, Nunez Trace, 2020-02-04, 2020-06-23
86,South Kathleen Hotel,152,1, Tracy highway, 2019-11-06, 2020-10-19
87,New Benjamin Apartment,166,2, Via Jordi Olivares, 2019-11-19, 2020-11-30
88,Johnsontown Apartment,7,5, Carlson Knolls, 2019-10-03, 2020-06-11
89,Port Rachel Hotel,321,1, Via Allegra, 2019-11-14, 2020-12-06
90,New Jessicaborough Motel,41,1, Callejón Jose Antonio García, 2019-11-17, 2020-07-24
91,Eileenfort Apartment,31,4, Killerplatz, 2019-12-22, 2020-10-30
92,Michaelport Motel,293,3, Apátii utca, 2019-12-09, 2020-08-20
93,Port Mark Hotel,94,1, Bajai tér, 2019-11-28, 2020-11-19
94,Josephton Apartment,23,4, Contrada Rossini, 2019-12-14, 2020-05-29
95,East Codyfort Motel,367,3, Stretto Piccinni, 2019-10-09, 2020-12-24
96,Benitezhaven Motel,333,3, boulevard Olivie Hoareau, 2019-12-12, 2020-11-05
97,Colemanville Apartment,152,2, Jennifer Station, 2020-02-06, 2020-07-08
98,Lake Wesley Motel,100,3, Kraszewskiego, 2019-11-29, 2020-12-22
99,New Peterside Hotel,37,4, Piazza Manacorda, 2019-10-30, 2020-07-06
100,South Sarah Motel,123,2, Allison View, 2019-11-17, 2020-06-22
101,Lake Rebekahville Apartment,357,4, Raymond Springs, 2019-10-06, 2020-07-20
102,East Davidhaven Motel,141,5, Ady endre utca, 2019-11-15, 2020-09-07
103,Crystalville Hotel,222,4, Glorieta Juan Carlos Roldan, 2019-11-04, 2020-09-18
104,East Jordanborough Motel,326,3, Witosa, 2019-12-29, 2020-12-01
105,West Donna Apartment,98,3, Martin Passage, 2019-11-24, 2020-08-13
106,Bryantview Apartment,200,1, Borgo Alessia, 2019-09-11, 2020-05-25
107,North Timothyberg Hotel,49,5, Rózana, 2020-01-24, 2020-09-17
108,Michaelland Apartment,50,4, Malokarpatské námest, 2019-12-02, 2020-07-10
109,South Dominic Apartment,11,2, Ceglana, 2020-01-13, 2020-11-18
110,Mendeztown Apartment,83,1, Gorlitzallee, 2020-01-06, 2020-07-30
111,Millerhaven Motel,200,3, Borgo Annunziata, 2019-11-09, 2020-10-06
112,Millerberg Hotel,18,5, Ronald Port, 2019-12-11, 2020-09-22
113,Maryfort Apartment,223,3, avenue de Faivre, 2020-01-18, 2020-12-20
114,South Michaelview Motel,144,5, Borsodtóti utca, 2020-01-10, 2020-08-12
115,Laurieshire Apartment,231,5, Borgo Varano, 2019-10-29, 2020-10-14
116,North Patricia Apartment,155,1, Engelbert-Heidrich-Straße, 2019-12-30, 2020-09-24
117,Lake Savannah Motel,285,1, Žižkova, 2019-11-08, 2020-09-16
118,Williamshaven Motel,325,4, Kossuth utca, 2020-02-01, 2020-05-20
119,Port Brittany Hotel,108,3, Jeziorna, 2019-11-23, 2020-07-20
120,South Karamouth Apartment,203,4, Győri utca, 2019-09-03, 2020-08-19
121,South Barbara Apartment,384,3, Cox Roads, 2019-10-06, 2020-09-01
122,Norrisville Motel,70,1, Na Topolce, 2020-02-07, 2020-06-04
123,New Alyssa Hotel,315,4, Rivera Manor, 2019-10-16, 2020-05-31
124,West Krystalfort Apartment,358,3, Viale Munari, 2019-11-03, 2020-11-29
125,Simmonstown Motel,207,1, Ronda de Lourdes Piñeiro, 2019-12-03, 2020-06-06
126,Blevinsside Motel,142,2, Somolického, 2020-02-01, 2020-10-02
127,Lake Brandon Motel,174,3, Jessica Fields, 2019-11-17, 2020-12-22
128,Donaldbury Hotel,313,4, Victor stravenue, 2019-10-04, 2020-05-21
129,Lake Hannah Motel,74,1, Vial de Juan Francisco Menéndez, 2019-10-17, 2020-10-24
130,Port Jason Hotel,171,5, Marilyn Prairie, 2019-10-17, 2020-12-11
131,Amyland Motel,25,5, rue de Cohen, 2019-09-28, 2020-06-15
132,West Devintown Motel,251,3, Strada Lollobrigida, 2020-01-12, 2020-11-03
133,South Tyler Motel,142,1, C. de Adriana Carmona, 2019-12-09, 2020-10-25
134,North Kevin Hotel,317,2, Okrzei, 2019-11-13, 2020-08-23
135,Spencertown Motel,397,2, Sauergasse, 2019-11-01, 2020-12-04
136,West Kimberlyborough Apartment,366,3, Whittaker parks, 2019-11-15, 2020-12-03
137,Brownborough Apartment,269,1, Osiedlowa, 2020-01-17, 2020-10-18
138,Lake Dominic Apartment,324,1, Cäcilia-Margraf-Ring, 2019-12-06, 2020-07-01
139,Harrisburgh Motel,132,2, rue Chauvin, 2019-09-13, 2020-12-07
140,Tylerview Hotel,83,3, Charles Curve, 2020-01-09, 2020-11-21
141,Lake Eric Apartment,351,3, Kent common, 2019-09-06, 2020-12-08
142,Craigville Apartment,72,5, Budai utca, 2019-11-21, 2020-06-17
143,Lake Cindy Motel,61,2, Pasaje de Mario Otero, 2019-12-09, 2020-07-22
144,North Bill Motel,237,4, Lednická, 2019-11-21, 2020-08-19
145,Phillipsville Hotel,110,5, Stroma, 2020-01-29, 2020-08-12
146,Dakotamouth Apartment,166,4, avenue Bonneau, 2019-10-27, 2020-08-18
147,East Benjaminfurt Motel,18,1, Vidlicová, 2019-11-06, 2020-11-13
148,West Lisaton Motel,289,4, Sigmund-Roskoth-Allee, 2019-10-12, 2020-12-30
149,Yvonneland Motel,141,1, Za Statky, 2019-12-08, 2020-07-27
150,Lake Ryanberg Apartment,364,4, Machnova, 2019-12-01, 2020-05-26
151,New Crystalland Motel,134,5, Družná, 2019-11-29, 2020-06-05
152,Denisefurt Motel,134,2, Shaw Brooks, 2019-11-12, 2020-06-02
153,South Williamtown Hotel,388,4, Jason Views, 2019-10-31, 2020-07-04
154,South Amberland Hotel,86,3, Timm-Röhrdanz-Gasse, 2019-10-12, 2020-06-04
155,Lake Laurie Motel,237,4, Incrocio Berenice, 2019-10-09, 2020-09-11
156,Christopherburgh Apartment,213,5, boulevard Bonnet, 2019-10-28, 2020-12-14
157,Laurenfurt Motel,97,2, chemin Nicolas Da Costa, 2020-01-10, 2020-08-08
158,East Wesleyburgh Motel,394,5, Cuesta de Rafael Vallejo, 2019-10-19, 2020-10-21
159,Port Louisside Motel,380,5, Garcia Rapid, 2019-10-27, 2020-06-10
160,Richardsonland Motel,165,2, Miodowa, 2019-10-18, 2020-09-29
161,Port Kimberly Hotel,367,1, Bianca Viaduct, 2019-12-28, 2020-06-18
162,South Andrewview Motel,140,4, Alison row, 2019-10-08, 2020-09-27
163,Lake Mary Motel,354,5, Výtoňská, 2019-09-11, 2020-08-11
164,North Tiffany Hotel,197,2, Żurawia, 2019-09-16, 2020-05-31
165,Reesefort Motel,158,5, James Lodge, 2019-12-25, 2020-10-16
166,Georgeton Hotel,79,1, Hayes road, 2019-11-13, 2020-12-13
167,East Jefferytown Apartment,87,5, Semilonská, 2019-12-25, 2020-09-04
168,Kennethmouth Apartment,119,3, Paderewskiego, 2020-01-28, 2020-05-10
169,New Michelleview Hotel,327,1, boulevard Potier, 2020-01-26, 2020-07-10
170,Hayesport Motel,150,3, Všejanská, 2020-01-13, 2020-09-10
171,Lake Jameschester Hotel,391,4, Kvetná, 2019-11-10, 2020-12-25
172,New Michele Motel,243,3, Incrocio Mirko, 2019-10-09, 2020-05-12
173,South Christianbury Motel,328,5, chemin Dumont, 2019-11-21, 2020-07-17
174,Castanedashire Apartment,354,1, Hvězdonická, 2019-10-30, 2020-07-11
175,East Christopher Hotel,269,3, Dolna, 2019-12-13, 2020-12-22
176,Walshfurt Hotel,160,1, Via Virginia, 2019-12-15, 2020-09-20
177,Brittanyshire Apartment,23,1, Bazovského, 2019-11-11, 2020-08-01
178,Gregoryfort Apartment,271,5, Frank creek, 2019-12-18, 2020-09-04
179,South Pamelastad Apartment,377,1, Contrada Sagnelli, 2019-10-24, 2020-12-18
180,Meyersburgh Hotel,343,4, Strada Fernanda, 2020-01-26, 2021-01-07
181,Savageside Hotel,325,1, rue de Simon, 2019-10-12, 2020-09-04
182,East Maryton Hotel,19,4, Ronnie Square, 2019-12-17, 2020-10-26
183,Andersonberg Hotel,326,1, Blake Canyon, 2019-12-21, 2020-07-06
184,East Tonya Hotel,152,3, Viale Fortunata, 2019-09-19, 2020-08-01
185,New Seanside Motel,21,3, Strada Farnese, 2019-11-16, 2021-01-08
186,Jamesside Motel,108,5, Ady endre út, 2020-01-10, 2020-07-24
187,New Alexander Hotel,303,2, avenue Victor Roche, 2019-11-11, 2020-09-25
188,South Jane Hotel,219,2, Rolnicza, 2019-10-30, 2020-09-19
189,Thomasmouth Motel,61,4, Pri Suchom mlyne, 2019-11-03, 2020-11-24
190,North Jessica Hotel,168,2, Jarošova, 2020-01-14, 2021-01-05
191,East Chad Hotel,231,2, Sydney Lights, 2019-09-03, 2020-10-28
192,Williamshaven Apartment,317,5, Contrada Luxardo, 2019-10-17, 2020-05-26
193,Whiteport Motel,267,3, Drahanská, 2019-11-13, 2020-09-22
194,Sabrinachester Motel,141,4, Contrada Fuseli, 2019-11-24, 2020-11-18
195,North Laurie Apartment,17,3, Stretto Eraldo, 2020-02-04, 2020-10-17
196,Stewartton Apartment,303,5, James-Hermann-Straße, 2019-10-17, 2020-09-19
197,Stefanieborough Hotel,331,2, Lauren trail, 2019-12-29, 2020-07-16
198,New Samanthamouth Motel,292,5, Nagykanizsai út, 2019-09-21, 2020-05-25
199,Melissachester Motel,182,2, Stretto Ubaldi, 2019-11-10, 2020-10-21
200,Port Robertstad Hotel,17,3, Lisa Island, 2019-10-05, 2020-05-26
201,New Yolanda Hotel,331,3, Severovýchodní Vi, 2019-11-12, 2020-06-26
202,Santosmouth Motel,116,5, Hertrampfweg, 2020-01-21, 2020-05-18
203,Staceyshire Hotel,301,5, rue Diane Fernandes, 2019-12-23, 2020-08-16
204,Port Stacey Motel,211,2, Avenida de Sergio Diez, 2019-11-09, 2020-06-07
205,Jenkinsshire Motel,9,2, Verdunská, 2019-12-14, 2020-10-31
206,New Deborah Motel,102,1, Prince Landing, 2020-01-24, 2020-12-10
207,Lake Alexfort Apartment,246,1, Briežky, 2019-12-23, 2020-09-11
208,Emilychester Apartment,152,3, Na hriadkach, 2019-12-03, 2020-05-22
209,New Hollyhaven Hotel,193,5, Junckallee, 2019-11-24, 2020-09-12
210,Moralesmouth Motel,287,5, chemin de Courtois, 2019-10-02, 2020-10-27
211,Port Natashaland Motel,146,5, Ronda Daniela Sans, 2019-10-27, 2020-12-21
212,Port Nathan Motel,40,4, Ružičková, 2020-01-02, 2020-06-12
213,New Zachary Hotel,146,1, Gałczynskiego, 2019-12-14, 2020-11-24
214,Johnstad Apartment,29,2, Chotovická, 2019-09-22, 2021-01-05
215,Davidland Apartment,395,4, Peterson Way, 2019-12-17, 2020-08-16
216,West Joanne Hotel,201,3, Suchdolská, 2020-01-08, 2020-10-15
217,Amyview Apartment,298,5, Lori Skyway, 2019-11-13, 2020-07-01
218,West Amanda Apartment,4,1, Rotonda Giuliana, 2019-12-27, 2021-01-01
219,Juanhaven Motel,189,4, Martin flats, 2019-12-01, 2020-07-03
220,North Margaretmouth Motel,221,3, Borgo Calogero, 2020-01-21, 2020-07-22
221,Lake Davidhaven Hotel,292,5, Roblínská, 2019-12-23, 2020-09-20
222,Lake Bonnie Apartment,219,1, Szabadság utca, 2019-10-27, 2020-05-20
223,Shahhaven Hotel,84,5, Bagarova, 2019-11-26, 2020-12-21
224,Port Charles Apartment,138,2, chemin Lefevre, 2020-01-17, 2020-11-19
225,East Jessicashire Apartment,69,3, Mlékárenská, 2019-12-24, 2020-06-03
226,Lake Lisaside Motel,206,3, Siegfried-Gunpf-Gasse, 2020-01-30, 2020-06-05
227,Bradfordfort Motel,278,2, Lambert mountain, 2019-10-20, 2020-06-13
228,South Kellystad Apartment,49,1, Hertrampfstraße, 2019-12-19, 2020-05-24
229,Douglasfurt Apartment,33,3, Michelle Ways, 2020-02-03, 2020-10-27
230,Diazview Motel,189,4, Košická, 2019-12-14, 2020-12-21
231,Walshton Motel,239,5, Kennedy Crescent, 2019-11-09, 2020-08-13
232,East Christinaborough Motel,331,1, Navarro Park, 2019-11-16, 2020-11-04
233,Robertsside Apartment,298,4, Vollbrechtring, 2019-09-22, 2020-11-30
234,Lake Brian Motel,214,3, Wschodnia, 2019-12-27, 2020-10-23
235,Alexandermouth Apartment,96,5, boulevard de Pineau, 2020-01-31, 2020-12-15
236,South Jennifermouth Apartment,125,3, Kimberly Forge, 2020-01-01, 2020-05-12
237,Port Jamesfurt Apartment,358,4, Cannon Squares, 2019-11-23, 2020-05-26
238,West Johnshire Hotel,350,3, Urbanización Ramon Becerra, 2019-11-01, 2021-01-03
239,South Amyberg Hotel,368,2, Kwiatowa, 2019-10-26, 2020-11-08
240,Pierceton Apartment,194,1, rue Coste, 2019-11-18, 2020-06-09
241,New Robert Hotel,275,1, Gerhard-Holt-Ring, 2019-10-20, 2020-11-30
242,Jerrymouth Apartment,164,3, Béke tér, 2019-11-16, 2020-09-04
243,North Brent Apartment,196,5, Calle de Alex Aragón, 2019-09-01, 2020-10-17
244,Crystalview Apartment,253,3, Jedľová, 2020-02-07, 2020-06-20
245,Rodriguezhaven Hotel,269,3, Cuesta de Vicenta Carnero, 2019-12-24, 2020-10-23
246,Martinport Apartment,64,2, Tamásibányai út, 2019-12-11, 2020-11-26
247,East Gary Hotel,216,2, Kruczkowskiego, 2020-02-06, 2020-11-05
248,Port Michael Apartment,267,4, Jähnstraße, 2019-09-29, 2020-11-02
249,Wernerbury Apartment,394,1, Soproni sétány, 2019-09-15, 2020-08-30
250,North David Motel,17,2, Jodłowa, 2020-01-02, 2020-06-30
251,Mccoystad Motel,94,4, Thompson points, 2019-12-23, 2020-12-03
252,Johnsonmouth Motel,147,3, Piazza Isa, 2020-02-07, 2020-11-25
253,East Amystad Apartment,99,1, Strada Simonetta, 2020-02-05, 2020-06-08
254,Pottsport Hotel,315,5, Contrada Sophia, 2019-12-08, 2020-10-13
255,East Kenneth Apartment,244,4, Ismail-Etzler-Platz, 2019-12-29, 2020-12-25
256,East Shelly Hotel,287,5, Camino de Catalina Ochoa, 2020-01-04, 2020-08-07
257,West Adamtown Motel,294,4, Acceso Eduardo Orozco, 2020-01-28, 2020-09-20
258,Port Anthony Hotel,300,5, Krátka, 2020-01-14, 2020-05-10
259,New Felicia Apartment,221,3, Wypoczynkowa, 2020-02-06, 2020-11-01
260,New Juliahaven Hotel,10,4, Joachim-Eberth-Allee, 2019-10-31, 2020-06-07
261,Lake Sara Hotel,87,3, Listová, 2020-02-05, 2020-07-14
262,Port Adamton Apartment,140,1, boulevard Emmanuelle Roche, 2019-10-04, 2020-10-27
263,Hartberg Hotel,1,5, Rigeleho, 2019-12-26, 2020-05-16
264,South Lisaville Motel,162,3, Eberhardtgasse, 2020-01-15, 2020-05-13
265,Debbieborough Hotel,149,2, Lindnerstr., 2019-12-05, 2020-07-08
266,Martinezchester Motel,284,1, chemin Berger, 2019-12-04, 2020-05-19
267,Marytown Hotel,97,5, Via Gustavo, 2019-09-25, 2020-11-07
268,South Edwardville Hotel,145,3, Lánovská, 2020-01-07, 2020-09-20
269,Williamsville Motel,364,2, Nyírmártoni utca, 2019-11-18, 2020-06-17
270,Wayneburgh Hotel,46,5, Angela harbors, 2019-09-15, 2020-06-08
271,South Gabriellatown Apartment,191,4, Farebná, 2019-09-02, 2020-11-06
272,New Darrellchester Apartment,78,5, Jacob fork, 2019-09-03, 2020-11-29
273,Breannaport Apartment,100,2, Rebecca-Lübs-Ring, 2019-10-01, 2020-11-06
274,North Alyssaville Apartment,16,5, Petőfi út, 2019-11-04, 2020-09-04
275,Rodgersside Hotel,258,3, Wyzwolenia, 2019-11-15, 2020-09-11
276,Port Rhondastad Motel,229,5, Viale Silvia, 2019-10-25, 2020-07-18
277,Brownshire Hotel,252,4, Žižkova, 2019-12-14, 2020-08-29
278,New Tara Motel,128,4, rue René Maillet, 2019-09-27, 2020-05-17
279,West Donaldhaven Hotel,37,2, rue de Lucas, 2020-02-04, 2020-07-09
280,Christopherburgh Motel,148,1, Lelewela, 2019-11-07, 2020-12-07
281,West Natalie Apartment,257,2, Briemerallee, 2019-11-04, 2020-11-17
282,Kariland Motel,95,5, Ke Březině, 2019-10-08, 2020-11-30
283,Scottshire Motel,46,2, Broskyňová, 2019-11-05, 2020-06-22
284,South Victor Hotel,120,1, Morava, 2019-10-31, 2020-07-04
285,Johnsonbury Motel,364,5, Willowa, 2019-09-01, 2020-05-28
286,New Jacqueline Hotel,176,5, boulevard de Marchal, 2020-01-10, 2020-09-26
287,South Pamela Hotel,15,2, Ve Žlíbku, 2020-02-06, 2020-09-03
288,South Melissaside Hotel,296,3, Zakątek, 2019-10-03, 2020-09-27
289,Wuton Hotel,18,4, Heineho, 2019-09-21, 2020-10-27
290,Lake Erin Apartment,235,5, Rotonda Stefano, 2019-11-12, 2020-10-13
291,East Sandrachester Motel,172,1, Anthony Trace, 2019-10-07, 2020-10-23
292,Baileytown Apartment,238,4, Ceglana, 2019-09-21, 2020-05-14
293,Cranechester Motel,89,4, Érdi utca, 2019-10-10, 2020-06-17
294,Castroberg Apartment,233,3, rue Mercier, 2019-09-28, 2020-07-01
295,Lake Tiffanyfort Hotel,259,4, Viale Camilla, 2019-10-31, 2020-07-03
296,Shortton Hotel,177,2, Urbanización Juan Carlos Martí, 2019-11-19, 2020-11-06
297,Anthonytown Motel,49,4, Wheeler pass, 2019-12-07, 2020-09-13
298,Port Stevenchester Hotel,275,2, Górna, 2020-01-17, 2020-12-11
299,Leblancborough Hotel,356,3, Paseo de Emilia Ferrando, 2019-12-26, 2020-08-19
300,Chavezfort Apartment,181,1, Rotonda Righi, 2020-01-27, 2020-06-27
301,Edwinborough Apartment,180,2, Roderich-Ortmann-Straße, 2019-09-28, 2020-09-30
302,Smithfort Hotel,290,1, Moore Crescent, 2019-12-25, 2020-12-27
303,Brooksberg Hotel,288,1, Arany jános út, 2019-09-29, 2020-08-01
304,Port Joseph Hotel,0,4, József attila tér, 2020-01-28, 2020-07-19
305,Alexandriachester Hotel,209,3, Borgo Zaccardo, 2019-12-23, 2020-06-08
306,Tracyview Hotel,191,4, Księżycowa, 2019-10-19, 2020-12-01
307,North Alvin Apartment,239,4, Brumovická, 2019-10-09, 2020-11-10
308,East Valerie Apartment,398,4, Na Spojce, 2020-01-31, 2020-07-04
309,East Sherribury Hotel,392,3, boulevard Sébastien Baron, 2020-01-05, 2020-11-22
310,Williamshaven Motel,326,2, Escobar Street, 2019-11-25, 2020-11-09
311,Silvabury Motel,346,2, Urbanización Lorenzo Pallarès, 2019-10-16, 2020-08-15
312,Caitlinchester Hotel,42,5, Kevin Ranch, 2019-10-14, 2020-06-18
313,Derrickberg Motel,298,2, Cesta na Červený most, 2019-10-07, 2020-12-23
314,Ebonystad Apartment,158,4, Fröhlichallee, 2020-01-31, 2020-12-31
315,Cobbshire Hotel,148,4, Angelica-Conradi-Gasse, 2019-09-15, 2020-06-26
316,Lake Daniel Motel,235,5, Calle Irene Luque, 2019-12-17, 2020-12-23
317,North Veronica Hotel,264,5, Stretto Calgari, 2019-10-20, 2020-08-10
318,Rosechester Motel,173,5, avenue Guerin, 2019-09-15, 2020-08-07
319,Lake Julie Apartment,57,1, Drávai utca, 2019-09-07, 2020-05-24
320,Dennisstad Hotel,48,2, Hněvkovského, 2019-12-08, 2020-06-18
321,West Karenburgh Hotel,60,4, Vial de Felipe Murillo, 2019-09-05, 2020-10-26
322,Taylorstad Motel,231,2, Camino Vicenta Téllez, 2019-12-21, 2020-06-03
323,North Sara Apartment,17,4, Vicolo Bertoni, 2020-01-05, 2020-10-22
324,New Jessicaton Motel,209,5, Kościuszki, 2019-10-11, 2021-01-07
325,West Robert Apartment,346,1, Doubravická, 2020-01-01, 2020-12-09
326,Lake Christopherborough Hotel,330,4, Makuszyńskiego, 2019-10-31, 2020-12-16
327,Jerryshire Motel,193,3, Albert green, 2019-11-26, 2020-06-05
328,Johnnychester Hotel,139,3, Linda Ridge, 2019-10-02, 2020-12-25
329,North Kevinfurt Apartment,221,4, Pasadizo de Óscar Girona, 2019-09-21, 2020-11-16
330,Lake Marystad Motel,342,4, Strada Rosaria, 2019-10-03, 2020-05-09
331,South Jonathan Hotel,2,3, Avenida de Jose Carlos Simó, 2020-01-10, 2020-08-20
332,Karenhaven Apartment,19,5, Albin-Patberg-Weg, 2019-11-29, 2020-08-11
333,Kellyborough Hotel,380,2, Edwards stream, 2020-01-12, 2020-09-12
334,Jesseview Apartment,142,5, Pécsi utca, 2019-10-16, 2020-06-09
335,New Jamie Motel,144,5, rue de Berger, 2020-02-04, 2020-12-30
336,West Brentborough Motel,23,3, Strażacka, 2020-01-22, 2020-10-10
337,Smithhaven Hotel,281,2, Rýmařovská, 2019-12-11, 2020-06-13
338,Wolfeport Motel,167,4, Ball groves, 2019-12-07, 2020-12-04
339,West Stevenside Hotel,372,2, Dąbrowskiej, 2019-09-05, 2020-11-07
340,West Thomasville Hotel,239,3, Cañada de Carolina Carbonell, 2019-09-24, 2020-09-23
341,Smithburgh Apartment,219,1, Bryan Stream, 2019-09-15, 2020-09-17
342,North Mary Hotel,104,4, Arthur villages, 2019-10-27, 2020-11-12
343,Hunttown Hotel,310,1, Prievozská, 2019-12-01, 2020-11-08
344,Jasonhaven Motel,6,2, Wagnergasse, 2019-11-12, 2020-10-04
345,Thompsonside Hotel,347,1, Letná, 2019-10-14, 2020-05-14
346,Mullentown Motel,2,4, Rotonda Anastasi, 2019-11-18, 2020-08-22
347,Mitchellmouth Hotel,311,5, Sofia-Junitz-Gasse, 2019-10-26, 2020-08-20
348,South Mary Motel,365,5, Na Viničních Horách, 2019-12-21, 2020-08-13
349,Jennifermouth Motel,325,3, Scott Ridge, 2019-12-14, 2020-09-14
350,Lake Jonathan Hotel,232,3, Plathstr., 2019-09-05, 2020-05-22
351,Beckyton Motel,294,3, Ronda de Julian Vila, 2019-10-29, 2020-11-09
352,Lake Beth Motel,189,3, Topolowa, 2020-01-23, 2020-09-10
353,Marioshire Motel,292,1, Rambla de Eva Revilla, 2020-01-06, 2020-06-22
354,West Ashleyview Hotel,214,5, Valerie isle, 2020-01-14, 2020-09-17
355,Kennethshire Apartment,398,4, Pritchard garden, 2019-10-04, 2020-08-09
356,North Katelynstad Apartment,123,1, C. de Raquel Manzano, 2019-10-24, 2020-07-24
357,Meyerfurt Motel,337,4, Stretto Gioberti, 2019-11-24, 2020-10-06
358,Danielleland Hotel,212,2, Viale Flora, 2020-02-03, 2020-06-15
359,New Yeseniaside Hotel,325,4, Döringplatz, 2020-01-21, 2020-11-19
360,East Wendy Motel,380,2, Mcgee Flats, 2019-12-06, 2020-06-24
361,Courtneyview Apartment,77,3, Beck Village, 2019-10-05, 2020-06-12
362,East Mistyland Motel,382,2, Callejón Purificación Jaén, 2019-11-29, 2020-12-10
363,Lewisfort Apartment,339,3, Gross Glens, 2020-01-22, 2020-06-03
364,West Joshuastad Motel,350,5, Piazza Antonello, 2019-12-25, 2020-12-24
365,Stevenberg Apartment,37,2, Truskawkowa, 2019-11-19, 2020-10-22
366,Garciamouth Hotel,397,2, avenue Chevalier, 2019-11-28, 2020-12-16
367,Lake Stacyfort Apartment,172,3, rue Munoz, 2019-11-10, 2020-11-19
368,Port April Motel,96,4, rue Ferreira, 2019-10-30, 2020-11-30
369,Port Gracemouth Hotel,207,4, Rambla Luz Balaguer, 2019-10-11, 2020-08-26
370,Mccarthyberg Motel,352,4, Szenti utca, 2019-10-25, 2020-07-14
371,Mendezview Hotel,246,5, Nad Košinkou, 2019-09-20, 2020-05-26
372,West Derrickbury Apartment,17,2, Miła, 2019-09-26, 2020-07-12
373,South Christian Hotel,177,2, Piazza Monteverdi, 2019-09-18, 2020-06-04
374,Lesliemouth Hotel,251,1, Richardson path, 2019-11-12, 2020-10-28
375,New Rachelstad Apartment,396,4, Urbanización de Alba Pareja, 2019-12-27, 2020-06-19
376,New Melissa Hotel,76,4, Żeromskiego, 2020-02-06, 2020-11-26
377,Sheenaburgh Hotel,340,5, Döhnstraße, 2019-11-14, 2020-11-07
378,Allisonchester Hotel,178,5, Pamela Mountains, 2019-10-23, 2020-06-22
379,Crossshire Motel,292,4, Kodicilova, 2019-12-27, 2020-09-28
380,Lake Jay Motel,100,4, Nicholas walks, 2019-11-03, 2021-01-06
381,Charlesland Hotel,324,4, Gießstraße, 2019-11-02, 2020-11-28
382,Lake Mary Hotel,169,4, Paseo de Antonia Jódar, 2019-10-16, 2020-12-31
383,New Robertberg Motel,400,3, Pilisfürdői utca, 2019-11-30, 2020-10-17
384,Murphyville Hotel,288,4, Canale Stein, 2019-12-17, 2020-10-31
385,Lake Kaylaside Hotel,362,2, Kochstr., 2020-01-19, 2020-10-12
386,South Shannonland Hotel,140,3, Čankovská, 2020-01-20, 2020-09-19
387,Jasminbury Hotel,237,5, K Vidouli, 2020-01-02, 2020-08-07
388,Markstad Apartment,149,5, John Junction, 2019-12-26, 2020-06-20
389,West Michelleshire Apartment,340,1, Długosza, 2019-09-06, 2020-05-09
390,East Anthony Hotel,46,2, Żwirowa, 2019-11-07, 2020-07-27
391,Smithville Hotel,233,4, Incrocio Lauretta, 2019-10-22, 2020-12-10
392,Allisonhaven Apartment,396,1, Patel route, 2019-11-15, 2020-08-31
393,Butlerport Motel,230,1, Na Fišerce, 2019-10-06, 2020-08-25
394,Clarkstad Motel,39,5, Smolenská, 2019-12-23, 2020-12-10
395,Fullerstad Hotel,95,5, Paul Lock, 2019-11-18, 2021-01-03
396,East Ashleyport Hotel,36,1, Borgo Serafina, 2019-12-11, 2020-10-09
397,East Sean Hotel,283,3, Canale Lina, 2019-12-06, 2020-09-28
398,Davisstad Motel,54,5, Robinson Ridge, 2019-11-06, 2020-05-19
399,South Suzanneville Apartment,384,3, Francis plains, 2019-12-20, 2020-12-22
400,Millerfort Apartment,205,4, Dózsa györgy út, 2020-01-04, 2020-12-28
401,Joshuamouth Apartment,212,5, Callejón de Alvaro Aliaga, 2019-09-17, 2020-12-21
402,Saunderstown Hotel,130,2, Rosi-Scholz-Allee, 2019-09-26, 2020-12-07
403,East Michael Motel,71,4, avenue de Guibert, 2019-11-18, 2020-11-05
404,West Adam Apartment,177,3, avenue de Boulanger, 2019-11-07, 2020-08-19
405,Gayfurt Motel,125,4, Piazza Pelli, 2019-10-07, 2020-08-07
406,Peterchester Apartment,73,5, Contrada Carli, 2019-11-14, 2020-08-11
407,Everettland Motel,271,4, Piazza Fagotto, 2020-01-19, 2020-08-09
408,South Mark Motel,284,3, Ligetkövesdi út, 2020-02-05, 2020-08-17
409,Nunezberg Hotel,361,5, Heinzweg, 2019-10-01, 2020-11-27
410,Dawnfort Motel,281,4, C. de Ismael Santana, 2019-11-29, 2020-06-14
411,New Michaelton Apartment,152,5, Calle de Mar Barbero, 2020-01-08, 2020-05-25
412,Lake Michael Hotel,363,3, Plaza de Gloria Carranza, 2019-10-23, 2021-01-10
413,Brendanside Hotel,123,1, Lipowa, 2019-12-07, 2020-10-16
414,Sheilafort Hotel,57,5, U Smíchovského Hřbitova, 2019-12-06, 2020-08-23
415,South Oscarville Motel,73,5, Rambla de Tomás Ródenas, 2020-01-20, 2020-05-23
416,North Saraland Hotel,202,2, Mohammed-Jessel-Straße, 2020-01-07, 2020-06-19
417,Harrellton Motel,188,3, Brzoskwiniowa, 2019-11-16, 2020-05-26
418,Steveton Motel,192,5, Avenida de Mario Huertas, 2020-01-28, 2020-10-11
419,Patelberg Motel,16,2, Béke tér, 2019-12-10, 2020-07-30
420,Lake Joshua Motel,275,3, Wyspiańskiego, 2019-10-27, 2021-01-10
421,North Leah Motel,262,2, Kováříkova, 2019-09-05, 2020-05-18
422,Jenniferton Motel,178,3, May harbor, 2019-12-09, 2020-09-19
423,North Christina Apartment,379,5, Dean lock, 2019-09-08, 2020-07-13
424,Andrewport Apartment,232,3, Bridlicová, 2019-09-19, 2020-07-02
425,Millerport Motel,232,1, Bruce Views, 2020-01-23, 2020-06-16
426,Whitefurt Apartment,161,4, V Tehovičkách, 2019-12-02, 2020-11-06
427,North James Motel,240,5, Wrocławska, 2019-11-30, 2020-07-29
428,Frazierborough Apartment,137,4, Tamásihalasi utca, 2019-09-18, 2020-07-21
429,North Alex Apartment,359,5, Vial Ricardo Montero, 2019-09-20, 2020-10-17
430,West Stephanie Apartment,140,1, Strada Gozzi, 2020-01-11, 2020-05-29
431,Carlafurt Apartment,31,2, Konwaliowa, 2020-02-06, 2020-05-23
432,East Anthonyside Apartment,323,1, Bácsligeti utca, 2019-10-06, 2020-05-18
433,Michaelhaven Hotel,343,2, Borsodmindszenti utca, 2019-09-06, 2020-09-03
434,North Zacharyport Hotel,53,4, Gorlitzgasse, 2019-09-20, 2020-10-20
435,Luismouth Apartment,209,5, Kopernika, 2019-10-07, 2020-10-14
436,Novakfurt Motel,207,4, Callejón de Carlos Soria, 2019-12-23, 2020-10-10
437,Erikabury Motel,55,4, Summers Islands, 2019-10-11, 2020-06-02
438,North Kara Hotel,207,1, Alameda de Magdalena Rius, 2019-09-10, 2020-05-09
439,West Tracy Apartment,245,4, Incrocio Piergiorgio, 2020-01-20, 2020-10-04
440,Desireefort Hotel,19,4, Orosztamásii utca, 2019-10-26, 2021-01-12
441,Perrymouth Apartment,153,2, Morcinka, 2019-09-03, 2020-11-02
442,West Jessica Hotel,168,4, Podle Náhonu, 2020-01-14, 2020-08-06
443,New Russell Hotel,326,2, Cañada de Cristian Montes, 2019-11-14, 2021-01-05
444,Whiteland Apartment,323,2, U Šesté Baterie, 2019-10-21, 2020-08-22
445,North Elizabeth Apartment,346,5, Arany jános tér, 2019-09-25, 2020-09-12
446,Suefort Hotel,127,1, Moldavská, 2019-12-03, 2020-09-24
447,Charlotteborough Apartment,108,3, Avenida de Martin Ponce, 2019-12-31, 2020-08-11
448,Hillbury Hotel,332,3, Cuesta de Adrián Macias, 2020-01-05, 2020-11-30
449,Christophershire Motel,352,1, George Ramp, 2019-10-13, 2020-10-07
450,Patriciamouth Hotel,241,4, Kraushaarstraße, 2019-09-30, 2020-08-08
451,North Nicholas Motel,63,4, Hunter fords, 2019-09-18, 2020-09-22
452,Justinmouth Apartment,293,3, Pasaje Blanca Duran, 2019-11-15, 2020-07-05
453,Marialand Motel,386,5, Canale Romina, 2019-11-29, 2020-12-05
454,South Josefort Motel,237,4, Antonia-Gunpf-Platz, 2019-12-02, 2020-11-15
455,South Andrew Hotel,87,2, Calle Alex Cáceres, 2019-10-30, 2020-10-12
456,South Troyville Hotel,54,1, Schollstr., 2020-01-21, 2020-10-30
457,Patelville Hotel,45,2, Wiślana, 2019-10-13, 2020-09-22
458,Port David Hotel,308,5, Wirthstraße, 2020-01-19, 2020-12-19
459,West Jennifer Apartment,190,4, Pasaje de Elisa Elías, 2019-09-15, 2020-10-03
460,Dennisbury Hotel,17,2, Flores Causeway, 2019-12-30, 2020-08-24
461,New Markchester Hotel,102,2, Na Spojce, 2019-10-17, 2020-08-24
462,Wilsonborough Hotel,80,3, Jelenia, 2019-09-28, 2020-09-16
463,Luceroside Apartment,46,1, Na Zlatej nohe, 2019-12-25, 2020-12-09
464,Smithberg Hotel,341,5, Dobra, 2019-10-19, 2020-07-13
465,South Michael Apartment,195,1, Mcintyre Spurs, 2019-12-01, 2020-06-25
466,Richardhaven Hotel,73,3, chemin Dias, 2020-02-07, 2020-07-21
467,Lake Tarahaven Motel,242,5, Hunter Bypass, 2019-09-23, 2020-05-27
468,Tinaview Hotel,286,3, Ligetkövesdi út, 2019-11-09, 2020-12-05
469,Lake Samuel Apartment,287,3, Avenida Clara Urrutia, 2020-01-21, 2020-05-19
470,New Bettymouth Motel,373,3, rue de Seguin, 2019-11-26, 2020-12-18
471,Lopezport Motel,153,3, Dózsa györgy utca, 2019-09-23, 2020-11-07
472,Michelefort Apartment,267,2, Glówna, 2019-10-11, 2020-05-26
473,New Johnberg Hotel,39,4, Sharon Lake, 2019-12-29, 2020-06-19
474,Saraview Motel,388,3, chemin Lorraine Brunet, 2020-02-03, 2020-05-15
475,Nunezview Apartment,50,1, Via de Gloria Cobos, 2019-12-22, 2020-11-15
476,Lake Anne Apartment,34,3, Vresová, 2020-02-06, 2020-11-16
477,Annaburgh Apartment,332,5, Stanley loaf, 2019-10-15, 2021-01-09
478,Port Tiffanytown Hotel,270,3, Traugott-Krause-Allee, 2019-11-30, 2020-11-27
479,West Carlborough Hotel,35,2, Meta-Nohlmans-Allee, 2019-10-22, 2020-08-28
480,Bakerside Apartment,28,3, boulevard Dumont, 2019-12-10, 2020-06-24
481,East Sharon Apartment,388,2, Borgo Etta, 2020-01-17, 2020-09-19
482,North Cody Apartment,334,4, Borská, 2020-01-18, 2020-12-30
483,East Scottberg Hotel,355,2, Plaza Jose Francisco Flor, 2020-01-21, 2020-10-08
484,Wolftown Motel,320,4, rue Rémy Breton, 2019-11-26, 2020-06-05
485,South Mariaville Motel,1,4, Kolonia, 2020-01-24, 2020-10-07
486,Emilyside Apartment,162,2, Viale Battelli, 2019-09-06, 2020-07-04
487,Port Davidfort Motel,33,5, boulevard Marechal, 2020-01-19, 2020-08-17
488,South Brittany Hotel,1,4, Alsóháti utca, 2019-09-08, 2020-06-07
489,Port Maryport Motel,273,4, Viale Adriano, 2020-02-03, 2020-05-11
490,Hansenville Apartment,286,3, Blatúchová, 2019-11-12, 2020-10-21
491,Lake Stacy Motel,314,1, Moran lane, 2020-01-27, 2020-12-11
492,Harrisport Motel,253,2, Ciasna, 2019-10-20, 2020-10-30
493,Lake Jessestad Apartment,203,1, Békéscsabai tér, 2019-11-17, 2020-12-25
494,New Rebecca Hotel,312,2, Przechodnia, 2019-11-28, 2021-01-08
495,Robinsonmouth Hotel,347,2, Gbelská, 2019-09-03, 2020-11-17
496,Lake Erin Apartment,216,5, Borievková, 2020-02-03, 2020-05-25
497,Trujillostad Hotel,354,1, Strada Carocci, 2019-09-07, 2020-05-11
498,Markfurt Hotel,396,5, Blochring, 2020-02-04, 2020-09-23
499,West Charles Apartment,291,2, Plzeňská, 2020-01-01, 2020-09-10
500,Bondfort Apartment,286,4, Fibichova, 2019-11-23, 2020-10-09
501,North Rhonda Hotel,385,4, rue Claudine Lenoir, 2019-11-25, 2020-11-09
502,Deleonfort Hotel,185,2, Mandy curve, 2020-02-06, 2020-10-04
503,West Lisafurt Hotel,178,4, Do Zahrádek Ii, 2019-09-25, 2020-06-09
504,East Savannah Apartment,284,3, Lehotského, 2019-11-25, 2020-10-17
505,South Susan Motel,118,5, Roger glen, 2019-09-01, 2020-10-21
506,Flemingport Motel,280,4, David Lane, 2019-11-18, 2021-01-01
507,Marymouth Apartment,151,5, Huhnweg, 2019-10-17, 2020-09-23
508,Wagnerside Apartment,259,2, Malinová, 2019-10-25, 2020-07-27
509,West Amy Apartment,344,5, Klasztorna, 2020-01-07, 2020-06-08
510,Reyesmouth Motel,70,5, Kadaňská, 2019-11-25, 2020-08-29
511,New Rebecca Motel,258,3, Mark Locks, 2019-12-20, 2020-11-09
512,Sandersburgh Hotel,350,3, Čapkova, 2019-12-12, 2020-05-08
513,South Jodi Apartment,225,3, Acceso de Daniel Portillo, 2019-12-22, 2020-12-24
514,North Kaitlyn Hotel,385,4, Cook neck, 2019-10-05, 2020-10-24
515,Port Virginia Motel,328,4, V Zátiší, 2019-09-11, 2020-06-26
516,Smithmouth Hotel,311,2, Lord forks, 2019-10-09, 2020-05-23
517,New Richard Motel,393,1, Kossuth utca, 2019-10-19, 2020-07-16
518,East Deborah Hotel,399,2, Randolf-Gunpf-Gasse, 2019-09-21, 2020-12-19
519,Pattonstad Apartment,50,5, Nuri-Neuschäfer-Straße, 2019-09-26, 2020-10-19
520,Ashleyville Motel,305,4, Peters rapids, 2019-09-12, 2020-12-13
521,South Christophershire Motel,178,5, Podwale, 2019-09-10, 2020-08-06
522,Roseview Motel,361,5, Pölitzring, 2019-09-23, 2020-08-01
523,Lake Catherineton Apartment,230,3, Fischerring, 2019-11-23, 2020-09-07
524,Tracychester Hotel,201,2, Patel mountains, 2019-11-12, 2020-11-06
525,Lake Richard Apartment,24,3, Zänkerstraße, 2019-09-14, 2020-11-09
526,Donchester Motel,305,1, Urbanización Carmen Berrocal, 2019-10-20, 2020-06-14
527,East Sherylchester Motel,348,3, Gehringerstraße, 2019-12-04, 2020-12-27
528,North Michelle Apartment,315,5, Xenia-Wohlgemut-Platz, 2019-09-11, 2020-11-18
529,South Josephchester Motel,135,1, Strada Raffaella, 2019-09-04, 2020-08-26
530,East Carlfurt Hotel,60,1, Słonecznikowa, 2020-01-25, 2020-06-10
531,West Joshuamouth Motel,113,1, Ráctapolcai tér, 2019-09-11, 2020-07-19
532,East Christian Hotel,393,4, Keresztfalvai utca, 2019-11-01, 2020-09-25
533,Lake Robert Apartment,354,1, Dlhá, 2019-09-20, 2020-09-25
534,Port Joestad Hotel,195,1, Canale Aria, 2020-01-28, 2020-09-07
535,North Christopherstad Apartment,371,2, Jirčanská, 2019-11-28, 2020-06-09
536,Joannfurt Hotel,25,3, Plynární, 2019-10-26, 2020-06-28
537,South Jessicafort Apartment,321,5, avenue de Besson, 2019-09-18, 2021-01-08
538,Lake Sharonview Motel,331,4, Acceso Blanca Abad, 2019-09-03, 2020-07-27
539,Bridgetberg Motel,124,5, chemin Océane Letellier, 2019-12-08, 2020-09-02
540,Colonfort Motel,168,4, Wilson Wall, 2019-12-29, 2020-12-03
541,Beltranview Hotel,186,1, Sylvester-Jäntsch-Platz, 2019-10-08, 2020-06-10
542,East Jamesland Hotel,316,5, Hídhalasi utca, 2019-12-14, 2020-09-19
543,Hughesbury Apartment,173,3, Čučoriedková, 2019-12-31, 2020-11-07
544,East Shellyview Apartment,14,3, Nákupná, 2019-11-20, 2020-10-18
545,South Joshuastad Hotel,348,4, Salzgasse, 2019-09-25, 2020-07-05
546,Aaronport Hotel,173,5, Callejón Javier Corominas, 2019-09-04, 2020-05-11
547,Port Kaitlynstad Apartment,359,3, Wilhelmine-Roht-Straße, 2020-01-27, 2020-12-26
548,Carpenterborough Hotel,87,2, Kirk Keys, 2019-11-18, 2020-12-17
549,Emilymouth Apartment,21,1, Villarreal Wells, 2019-09-09, 2020-09-30
550,Robertside Motel,296,3, Incrocio Dolores, 2019-12-19, 2020-05-30
551,Port Kimberly Motel,112,4, Canale Brenna, 2019-12-26, 2020-06-11
552,Tuckermouth Apartment,355,2, Via Cimarosa, 2019-11-13, 2020-06-29
553,West Holly Hotel,320,2, Doubravická, 2019-09-16, 2020-07-31
554,Harrismouth Motel,388,1, Alameda Iker Ramírez, 2019-10-21, 2020-05-18
555,Mitchellport Motel,285,3, Rotonda Adelasia, 2019-10-25, 2020-08-18
556,Port Adrianberg Apartment,92,4, Somogyligeti utca, 2019-11-03, 2020-11-07
557,Lake Kathrynland Hotel,366,2, Martin ferry, 2019-10-20, 2020-11-14
558,Lake Scott Apartment,394,4, Ackermannstr., 2020-01-27, 2020-11-05
559,Port Marktown Motel,328,1, Shaffer Stravenue, 2019-10-25, 2020-10-10
560,West Nicoleview Motel,134,2, rue de Gay, 2020-02-03, 2020-08-12
561,Murphyshire Apartment,371,4, Taylor Squares, 2019-12-26, 2020-12-02
562,New Davidburgh Hotel,86,5, Alameda de Marina Lladó, 2020-01-26, 2020-12-22
563,Heathertown Apartment,274,5, Geza-Zorbach-Gasse, 2019-11-20, 2021-01-07
564,Karlachester Motel,156,4, Carr island, 2019-10-16, 2020-12-19
565,Heatherberg Apartment,94,5, rue de Huet, 2019-12-14, 2020-11-20
566,East Jose Apartment,251,3, Mark fields, 2019-11-13, 2020-10-24
567,New Jason Hotel,248,4, rue Roger Perrot, 2019-09-19, 2020-07-30
568,Karentown Hotel,202,5, Baker cliff, 2019-10-11, 2020-09-29
569,Port Ryan Apartment,196,4, Michael Divide, 2019-10-24, 2020-07-31
570,Port Lindseyside Hotel,126,5, Opolska, 2019-11-17, 2020-10-20
571,South Jasonshire Motel,212,5, Pasaje de Noelia Carlos, 2019-09-08, 2020-06-19
572,Brooksstad Apartment,184,3, Canale Caterina, 2019-12-16, 2020-09-05
573,Smithstad Hotel,234,1, Rädelstr., 2019-11-16, 2020-12-09
574,North Sarahborough Motel,25,1, Jesionowa, 2019-09-05, 2020-05-13
575,Garciaburgh Motel,386,5, Wodna, 2019-12-07, 2020-12-14
576,Andersonmouth Hotel,338,2, Raymond Plain, 2019-09-07, 2020-09-12
577,North Dalemouth Apartment,171,2, Acceso de Juan Manuel Corbacho, 2019-10-31, 2021-01-10
578,Port Karenport Apartment,64,3, avenue Grégoire Foucher, 2019-11-27, 2020-11-07
579,Thompsonberg Apartment,97,4, U Dětského Hřiště, 2019-11-01, 2020-11-27
580,South Michaelside Motel,211,3, Pilishídi utca, 2019-12-31, 2020-06-22
581,Lake Cathy Apartment,219,2, Borówkowa, 2020-01-25, 2020-09-17
582,South Laura Apartment,389,2, Iskerníková, 2020-02-02, 2020-07-10
583,North Victorland Hotel,282,5, Laura Locks, 2020-01-22, 2020-08-03
584,North Rachel Hotel,244,4, Acceso Miriam Sánchez, 2019-12-31, 2020-10-10
585,Bradyfurt Motel,153,1, Paseo de Irene Escamilla, 2019-12-26, 2020-05-18
586,East Benjamin Apartment,270,2, Handeplatz, 2019-10-08, 2020-11-16
587,South Ginaberg Apartment,237,5, Duncan alley, 2019-10-12, 2020-06-18
588,South Ashley Hotel,230,3, Székesfehérvári utca, 2019-11-02, 2020-06-25
589,Ericborough Apartment,295,3, Mickiewicza, 2019-09-20, 2020-07-04
590,Stephanieport Apartment,225,4, chemin Brunel, 2020-01-10, 2020-12-21
591,Lake Kathrynville Apartment,364,2, Verdunská, 2019-11-24, 2020-12-16
592,Jeffreyland Motel,132,2, Dorothy Mountain, 2020-01-29, 2020-10-13
593,Carrieborough Hotel,129,4, Camino Pedro Moles, 2019-10-24, 2021-01-10
594,Port Ryan Hotel,282,1, Callejón de Silvia Bejarano, 2020-02-01, 2020-09-25
595,East Paigeton Motel,373,2, Ľudové námestie, 2019-09-19, 2020-07-07
596,Jonesview Motel,90,3, Ruth Land, 2019-10-27, 2021-01-11
597,Angelaton Motel,74,2, King Mews, 2019-10-22, 2020-08-10
598,North Brandonshire Motel,336,1, C. de Juan Luis Benito, 2019-10-11, 2020-05-30
599,West Steven Motel,33,3, Súdánská, 2020-02-06, 2020-12-31
600,Smithmouth Hotel,223,2, Cuesta Jordi Heredia, 2019-12-09, 2020-07-21
601,Rogersberg Hotel,315,1, Pohronská, 2020-02-03, 2020-05-24
602,Pittstown Apartment,313,2, Petőfi sándor utca, 2020-01-05, 2020-08-25
603,Port Jeffreyborough Apartment,207,2, Machovická, 2019-11-19, 2020-05-25
604,Dylanstad Motel,190,2, Lidwina-Winkler-Platz, 2019-10-31, 2020-11-09
605,Wrightstad Apartment,243,1, Pécsi utca, 2019-12-10, 2020-09-19
606,Jessicafurt Apartment,212,3, Incrocio Gian, 2019-12-08, 2020-07-05
607,Ericview Apartment,17,1, Camino de Blanca Perales, 2019-10-12, 2020-10-25
608,Lake Tanyamouth Hotel,352,4, Bajai tér, 2020-01-30, 2020-06-10
609,Lindseychester Apartment,187,3, Tatabányai utca, 2019-12-30, 2020-11-30
610,New Neilview Hotel,353,3, Andrea prairie, 2019-12-24, 2020-12-03
611,Andrewview Apartment,32,4, Eileen Turnpike, 2019-12-19, 2020-05-09
612,East Kaitlin Hotel,313,4, Callejón de Diego Carlos, 2019-10-22, 2020-12-31
613,New Lisabury Apartment,191,4, Hetvenberényi utca, 2019-10-08, 2020-10-16
614,North Danielmouth Hotel,313,2, Bethan lake, 2019-11-22, 2020-06-02
615,Prestonburgh Hotel,374,4, V Brůdku, 2019-11-22, 2020-05-11
616,East Patrickborough Hotel,281,3, József attila út, 2020-01-04, 2020-10-08
617,Figueroamouth Hotel,81,1, Okrzei, 2020-01-18, 2020-11-18
618,Lake Erikamouth Hotel,138,3, Nad Zámečkem, 2019-11-03, 2020-07-26
619,North John Apartment,82,3, Zapských, 2019-10-15, 2020-09-04
620,East Sandraside Apartment,204,1, Bácstapolcai utca, 2020-01-12, 2020-11-01
621,West Troychester Apartment,382,2, Anna oval, 2019-12-30, 2020-07-03
622,Hollyfort Motel,233,1, Tracey vista, 2019-09-25, 2020-05-12
623,Lake Michelle Apartment,166,4, Ryan cove, 2019-10-02, 2020-11-14
624,North Reneemouth Motel,273,2, Dělostřelecká, 2019-10-16, 2020-10-23
625,Jessicaport Hotel,27,4, Jasencová, 2020-02-03, 2020-10-19
626,West Elizabethfurt Motel,48,1, Plaza de Mercedes Riquelme, 2019-11-15, 2021-01-02
627,Ericafurt Apartment,270,4, Ambrožova, 2020-01-09, 2020-06-14
628,Lake Elizabethview Hotel,197,3, Mindszenthalasi utca, 2019-12-29, 2020-05-19
629,East Christian Apartment,370,5, Na Šafránce, 2019-10-14, 2020-09-06
630,New Carrie Apartment,247,4, Tamásiváradi utca, 2019-09-07, 2020-09-05
631,Port Charleschester Motel,216,3, Jay ford, 2019-12-11, 2020-10-26
632,Port Jeremiahberg Hotel,275,4, Joseph Lake, 2020-01-29, 2020-05-22
633,Port Scottfurt Motel,259,3, Ryan Fork, 2019-09-27, 2020-08-31
634,Port Billy Motel,379,2, Drevená, 2020-01-20, 2020-11-02
635,Thomasbury Hotel,180,4, Spokojna, 2019-09-19, 2020-06-21
636,Brianchester Motel,105,3, Akacjowa, 2019-11-18, 2020-09-08
637,Janeshire Hotel,386,4, Green light, 2020-01-27, 2020-07-22
638,Travisberg Hotel,133,4, Ronda de Adriana Baquero, 2019-11-21, 2020-12-03
639,Frankburgh Motel,104,2, Contrada Ottone, 2019-12-09, 2020-11-19
640,Leemouth Hotel,49,4, Krzywa, 2019-09-15, 2020-11-24
641,Lopezburgh Motel,327,3, Teresa green, 2020-01-06, 2020-05-14
642,Port Andrewchester Motel,99,5, rue Mendes, 2019-11-23, 2020-08-31
643,East Anna Apartment,265,2, Ann Lodge, 2019-11-16, 2020-06-10
644,New Amberberg Motel,110,3, rue Bouvet, 2019-09-18, 2020-12-22
645,Ethanhaven Motel,297,3, Jacqueline shore, 2019-09-13, 2020-12-06
646,Lake Yvonneport Hotel,34,2, avenue Nathalie Evrard, 2020-02-06, 2020-11-29
647,Johnstonmouth Apartment,44,2, Thompson crest, 2020-01-02, 2020-11-10
648,Lake John Motel,345,5, Marvin-Schomber-Platz, 2019-11-17, 2020-08-26
649,Dudleyfort Hotel,356,1, boulevard de Delmas, 2019-09-11, 2020-07-21
650,East Michaelberg Motel,45,5, Rotonda Giancarlo, 2019-10-18, 2020-09-08
651,Stewartchester Motel,60,3, Cañada de Nieves Oliva, 2019-11-18, 2020-11-01
652,West Joelfurt Apartment,242,5, Petőfi utca, 2019-11-19, 2020-05-24
653,Lake Cassandraville Hotel,257,1, Vicolo Hugo, 2019-10-20, 2020-05-27
654,Pattonshire Apartment,235,5, Nigel lakes, 2020-01-23, 2020-07-26
655,Toddhaven Hotel,163,5, Modrzewiowa, 2020-01-30, 2020-07-04
656,Johnland Hotel,179,4, Adélčina, 2019-11-19, 2020-06-13
657,Lake Davidville Motel,267,4, Hiltrud-Kraushaar-Ring, 2019-10-13, 2020-09-26
658,New Kevinfort Hotel,263,5, Mezői utca, 2020-01-27, 2020-12-28
659,Mccarthyfurt Motel,345,2, Pobřežní, 2019-10-22, 2020-08-16
660,Prattbury Motel,98,5, Kambsstr., 2019-11-08, 2020-12-08
661,East Edwinshire Apartment,386,2, K Háječku, 2019-10-02, 2020-07-09
662,East Gregory Hotel,256,1, Browarna, 2019-10-08, 2020-07-02
663,Jessicafurt Apartment,78,3, avenue de Masson, 2019-10-11, 2020-05-19
664,Bryceburgh Hotel,301,4, Denise trail, 2019-09-17, 2020-11-23
665,Port Marychester Motel,56,3, Via David Cuevas, 2019-11-30, 2020-05-30
666,Baileychester Motel,266,2, Cuesta Miriam Niño, 2019-12-29, 2020-05-10
667,Daniellemouth Hotel,37,1, Alameda Rosa Avilés, 2019-11-21, 2020-06-16
668,Martinezside Apartment,283,5, Canale Gemma, 2019-12-12, 2020-10-03
669,East Stevenhaven Hotel,224,1, rue de Rodrigues, 2019-11-17, 2020-08-13
670,West Craigshire Motel,311,3, Via Riccardo, 2019-11-25, 2020-11-08
671,Hodgesbury Motel,251,1, József attila utca, 2019-12-16, 2020-07-19
672,Ronaldborough Hotel,188,1, Canale Gionata, 2019-09-19, 2020-06-27
673,Port Carlosland Motel,248,1, Ronda Miguel Saez, 2020-01-06, 2020-11-14
674,Michaelmouth Hotel,42,4, rue de Parent, 2020-01-30, 2020-08-16
675,East Carolynstad Motel,341,1, Canale Bernetti, 2019-12-22, 2020-07-05
676,Christopherport Apartment,367,4, Mierová, 2019-10-29, 2021-01-01
677,North Danielleborough Hotel,294,1, Némethídi utca, 2019-10-27, 2020-12-12
678,Manuelstad Motel,333,1, boulevard Vincent Barthelemy, 2019-12-23, 2020-09-16
679,South Jim Hotel,224,4, Ronda de Belen Diéguez, 2020-01-30, 2020-06-26
680,Markshire Hotel,108,2, Strada Ermanno, 2020-01-08, 2020-11-17
681,Shaffershire Apartment,393,2, Smith river, 2019-12-15, 2020-05-17
682,New Patricia Apartment,150,4, József attila utca, 2020-01-27, 2020-11-08
683,Schneiderville Motel,147,5, Ingbert-Winkler-Gasse, 2019-12-27, 2020-09-02
684,Evansport Motel,12,5, Blatúchová, 2019-10-04, 2021-01-12
685,South Courtney Hotel,223,2, Margarete-Hölzenbecher-Platz, 2020-01-27, 2020-12-24
686,Joneshaven Apartment,326,3, Samuel Mountain, 2019-09-14, 2021-01-01
687,Port Dianeton Hotel,70,5, Kozičova, 2019-09-12, 2020-09-16
688,Lake Frankville Motel,297,2, rue Roy, 2019-12-21, 2020-07-18
689,South Benjaminland Apartment,288,2, Hooper greens, 2019-10-10, 2020-12-31
690,Lake Curtisborough Motel,50,3, K Háječku, 2019-11-10, 2020-06-23
691,Bryantstad Motel,270,1, Burkhard-Hermighausen-Straße, 2020-01-25, 2020-09-15
692,North Leslie Hotel,160,5, Zacisze, 2019-10-23, 2020-06-06
693,Andrewfort Motel,97,3, boulevard Isabelle Blondel, 2019-11-16, 2020-12-26
694,Scottborough Apartment,23,3, Glorieta Francisca Valencia, 2019-12-10, 2020-10-20
695,Stevenport Hotel,186,1, Klemtgasse, 2019-12-02, 2020-11-13
696,Darrylside Apartment,40,2, avenue de Diallo, 2020-01-04, 2020-06-22
697,Ballardbury Hotel,361,5, Danielle Mall, 2019-10-07, 2020-09-18
698,Scottshire Motel,311,5, Vicolo Ferdinando, 2019-10-21, 2020-11-15
699,Lake Billyville Motel,193,2, Incrocio Augusto, 2019-09-05, 2020-10-29
700,Amyburgh Motel,275,5, Natali-Kohl-Ring, 2019-10-09, 2020-12-15
701,North Sheri Motel,131,5, Hradištná, 2019-10-19, 2020-10-28
702,North Reginald Apartment,256,3, Borgo Tiziana, 2020-01-19, 2020-11-20
703,Port Michaelshire Hotel,396,3, Pasadizo de Salvador Tomas, 2019-12-24, 2020-07-10
704,West Charles Hotel,243,1, Dobšinského, 2020-01-01, 2021-01-05
705,Smithview Motel,169,4, Acceso Elisa Fábregas, 2019-09-04, 2020-08-07
706,Caldwellmouth Hotel,255,5, Hlaváčikova, 2020-01-27, 2020-08-01
707,Gomezmouth Motel,61,2, Za Pivovarem, 2019-09-29, 2020-06-06
708,New Patriciaburgh Motel,354,1, Calle de Eduardo Pedrosa, 2020-02-04, 2020-12-05
709,New Alexshire Hotel,166,3, Rambla Sofia Marin, 2019-11-07, 2020-07-09
710,Sparksburgh Motel,398,3, boulevard Patricia Lacroix, 2019-10-21, 2020-05-09
711,Nunezstad Apartment,61,3, Magnezitová, 2019-12-02, 2020-10-12
712,Jordanfort Apartment,296,5, Košická, 2019-11-20, 2020-09-20
713,Wilsonview Apartment,281,1, Pod Kostelem, 2020-01-18, 2020-08-17
714,Calebburgh Hotel,197,2, Pułaskiego, 2019-11-30, 2020-06-16
715,Vaughnfort Apartment,379,4, Vicolo Ippazio, 2019-10-26, 2020-12-12
716,Parkerfort Hotel,123,2, rue Roux, 2020-01-26, 2021-01-01
717,Westburgh Hotel,116,3, boulevard Gilles Moulin, 2020-01-24, 2020-11-16
718,Lake Roger Motel,363,5, Vajnorská, 2019-10-08, 2020-05-29
719,New Hannah Apartment,122,5, Háthalasi utca, 2019-12-07, 2020-12-11
720,Port Hannahland Motel,165,3, Eric Avenue, 2019-10-02, 2020-11-04
721,New Jamesshire Motel,12,4, Garner station, 2019-09-13, 2020-09-16
722,Port Jamesville Hotel,240,3, boulevard de Sauvage, 2019-09-25, 2020-07-02
723,Valdezfurt Motel,354,3, Buchholzstr., 2019-10-30, 2020-07-30
724,North Antonioton Hotel,82,4, Kecskeméti tér, 2019-09-13, 2020-06-05
725,Port Mariamouth Hotel,59,3, Limbová, 2019-09-24, 2020-07-12
726,Port Stephenburgh Hotel,258,1, Sexton Square, 2019-10-03, 2020-06-12
727,Julieside Apartment,183,3, Błękitna, 2019-10-21, 2020-08-26
728,Wrightton Motel,174,1, Nad Lávkou, 2019-11-05, 2020-08-21
729,Tiffanyberg Apartment,221,5, Konwaliowa, 2020-02-03, 2020-06-06
730,Gloverville Motel,254,1, Kolonia, 2020-01-30, 2020-11-26
731,Johnnyshire Motel,190,1, Murphy squares, 2019-10-25, 2020-07-13
732,South Rebeccaborough Motel,121,4, Fitzgerald Cliff, 2019-10-16, 2020-06-05
733,North Leslieview Motel,398,3, Callejón de David Serrano, 2019-11-08, 2020-10-25
734,North Randy Hotel,145,4, Pod Kesnerkou, 2019-09-21, 2020-12-27
735,Staceybury Apartment,272,1, Grafplatz, 2019-12-24, 2020-08-25
736,Matthewfort Apartment,30,5, Nerudova, 2019-10-19, 2020-06-21
737,South Jenniferchester Hotel,89,5, Matejki, 2019-12-14, 2020-11-14
738,North Williefurt Hotel,349,3, Walter Meadows, 2019-12-20, 2020-07-08
739,South Lori Apartment,178,3, Freeman Estates, 2019-09-09, 2020-11-29
740,Victoriabury Motel,314,1, Strada Francesco, 2019-10-17, 2020-09-01
741,Brownburgh Hotel,271,2, Acceso Ángeles Azorin, 2019-09-15, 2020-09-14
742,New Lisa Hotel,50,4, Cañada Eva Vargas, 2019-10-05, 2020-05-11
743,Port Reneebury Hotel,284,2, Bernolákova, 2019-11-15, 2020-10-13
744,West Matthewborough Motel,337,1, Záveterná, 2019-12-10, 2020-05-08
745,Averystad Apartment,45,5, Wiśniowa, 2019-09-01, 2020-10-10
746,East Thomasmouth Motel,35,5, Mátrafürdői utca, 2019-10-26, 2020-07-29
747,Shieldsfort Motel,260,2, Maltézské Náměstí, 2019-09-13, 2020-09-15
748,Port Kristine Hotel,317,1, boulevard Rocher, 2019-10-14, 2020-06-03
749,New William Apartment,199,1, Spencer Trafficway, 2019-10-06, 2020-09-12
750,Chadburgh Apartment,272,1, Katharina-Walter-Allee, 2019-09-19, 2020-12-16
751,Nathanchester Motel,68,3, Székvégi utca, 2019-09-23, 2020-10-13
752,Jessicashire Motel,240,2, Eckehard-Schottin-Straße, 2019-12-12, 2020-08-01
753,Nelsonbury Hotel,69,4, Złota, 2020-02-06, 2020-08-27
754,New Rachaelport Apartment,179,3, Stretto Niccolò, 2019-10-18, 2020-06-14
755,West Gregoryburgh Motel,31,5, Narcyzowa, 2019-10-12, 2020-11-21
756,Andrewview Hotel,348,2, Smith views, 2019-12-01, 2020-09-22
757,Kellyport Apartment,46,2, Daniel Springs, 2019-12-30, 2020-06-15
758,Careyview Hotel,206,4, K Vidouli, 2019-10-11, 2020-10-18
759,East Danielburgh Hotel,234,5, Nielsen Extension, 2019-09-05, 2021-01-06
760,North Jay Motel,37,1, Pasaje Ignacio Fabra, 2019-11-08, 2020-07-09
761,East Nicoleview Apartment,359,3, Hall creek, 2019-11-08, 2020-06-28
762,Jacobside Motel,97,3, Strada Mondaini, 2020-01-21, 2020-06-05
763,Port Dianaport Hotel,388,2, Finkeallee, 2019-09-15, 2020-11-05
764,Davidsonshire Hotel,39,2, White Springs, 2019-12-21, 2020-06-21
765,Port Amandaberg Apartment,47,5, Mártonfalvai utca, 2019-10-18, 2020-12-13
766,Lake Scottborough Motel,357,3, Győri utca, 2019-09-04, 2020-10-04
767,Lake Mary Motel,253,2, Budčická, 2019-10-21, 2020-07-15
768,Barrshire Hotel,195,5, Údolná, 2019-10-09, 2020-09-26
769,South Michaelshire Apartment,317,5, Diana lodge, 2019-10-13, 2020-08-02
770,Johnsonbury Apartment,8,3, Piazza Malipiero, 2019-10-23, 2020-12-05
771,Leonardstad Apartment,82,3, Stretto Pellegrini, 2019-12-01, 2020-12-21
772,Ashleyton Apartment,216,2, Pod Velkým Hájem, 2020-01-15, 2020-08-10
773,New Diana Apartment,342,1, Pasaje de Roberto Hidalgo, 2019-09-11, 2020-07-05
774,Lake Jamie Hotel,377,2, chemin de Ferrand, 2019-09-03, 2020-05-17
775,South Kimberly Motel,70,5, Lawendowa, 2019-09-22, 2020-08-04
776,Andrewbury Apartment,156,1, Tiszagyörgyi utca, 2020-01-28, 2020-12-02
777,North Jenniferville Hotel,357,2, Heidrichstr., 2019-12-03, 2020-08-03
778,New Meganfort Hotel,48,5, boulevard de Lacombe, 2019-10-15, 2020-07-11
779,Archerport Apartment,209,5, Srnčia, 2019-09-25, 2020-12-08
780,Shawnshire Hotel,5,5, Nýdecká, 2019-11-16, 2020-12-09
781,Lake Michaelburgh Motel,325,1, Acceso Juan Carlos Blazquez, 2019-11-14, 2020-07-28
782,Lake Herbert Apartment,55,1, James avenue, 2019-12-23, 2020-12-26
783,Carriestad Hotel,44,1, K Prelátům, 2019-09-11, 2020-10-15
784,North Julieview Hotel,327,5, Konopná, 2019-09-29, 2020-08-08
785,Matthewmouth Motel,248,3, Christopher Locks, 2019-09-29, 2020-08-31
786,Anthonyville Hotel,390,1, Irwin Junction, 2019-12-17, 2020-06-18
787,Port Susan Hotel,289,2, Mártonházai utca, 2019-09-09, 2020-08-15
788,South Valerie Motel,357,3, Gudeallee, 2019-09-24, 2020-07-20
789,Phamport Hotel,80,3, Bácsligeti tér, 2019-10-14, 2020-09-30
790,New Dwayne Motel,54,1, Kalinowa, 2019-12-18, 2020-07-05
791,North Kristenburgh Motel,94,1, Lawendowa, 2019-09-19, 2020-10-26
792,Port Paul Hotel,195,3, Rodgers Gateway, 2020-01-01, 2020-12-13
793,Rickeyland Apartment,137,2, Charlie stream, 2019-09-03, 2020-10-04
794,Angelside Apartment,113,1, Anderson pine, 2019-09-27, 2020-08-11
795,Chapmanburgh Hotel,244,3, Ingrišova, 2020-02-05, 2020-10-09
796,Thomasborough Motel,310,4, Sloan Course, 2019-11-17, 2020-12-21
797,East Samuelfort Motel,184,3, Přípřežní, 2019-12-22, 2020-05-28
798,Cardenasburgh Motel,186,1, Strada Tomei, 2019-11-10, 2020-09-24
799,Wisestad Hotel,66,1, Kráľovské údolie, 2019-11-16, 2020-09-10
800,Jonesfort Hotel,312,2, Jonathan Forks, 2019-09-19, 2020-06-30
